,Price per square meter to Buy Apartment Outside of City Center,Price per square meter to Buy Apartment in City Center,"International Primary School, Yearly for 1 Child","Private Preschool or Kindergarten, Monthly for 1 Child","Pair of Jeans in a Chain Store Like George, H&M, Zara, etc.",Pair of Leather Business Shoes,"Pair of Running Shoes, Mid-Range Price","Apples, 1 kg","Banana, 1 kg","Beef Round or Equivalent Back Leg Red Meat, 1 kg ","Bottle of Wine, Mid-Range Price","Chicken Breasts, Boneless and Skinless, 1 kg","Domestic Beer, 0.5 liter Bottle","Eggs, 12 pack","Lettuce, 1 head","Loaf of Fresh White Bread, 0.5 kg","Local Cheese, 1 kg","Milk, Regular,1 liter","Onion, 1 kg","Oranges, 1 kg",Pack of Cigarettes,"Potato, 1 kg","White Rice, 1 kg","Tomato, 1 kg","Water, 1.5 liter Bottle",One bedroom apartment outside of city centre,One bedroom apartment in city centre,Three bedroom apartment outside of city centre,Three bedroom apartment in city centre,Cappuccino,"Coca-Cola, 0.33 liter Bottle","Domestic Beer, 0.5 liter Draught","Imported Beer, 0.33 liter Bottle",McMeal at McDonalds or Alternative Combo Meal,"Meal for 2 People, Mid-range Restaurant, Three-course",Meal in Inexpensive Restaurant,"Average Monthly Net Salary, After Tax","Cinema ticket, 1 Seat","Fitness Club, Monthly Fee for 1 Adult","Tennis Court Rent, 1 Hour on Weekend","Gasoline, 1 liter","Monthly Pass, Regular Price","One-way Ticket, Local Transport","Taxi, price for 1 hour Waiting, Normal Tariff","Taxi, price for 1 km, Normal Tariff","Taxi Start, Normal Tariff",Volkswagen Golf 1.4 90 KW Trendline (Or Equivalent New Car),"Prepaid Mobile Tariff Local, price per 1 min, No Discounts or Plans","Basic utilities for 85 square meter Apartment including Electricity, Heating or Cooling, Water and Garbage","Internet, 60 Mbps or More, Unlimited Data, Cable/ADSL","Water, 0.33 liter Bottle","Summer Dress in a Chain Store Like George, H&M, Zara, etc.","Mortgage Interest Rate in Percentages for 20 Years Fixed-Rate, Yearly, Fixed-Rate","Imported Beer, 0.33 liter Bottle"
Fremont,6836.87,14332.99,20000.0,1258.33,45.0,60.83,69.25,6.2,2.77,13.77,14.5,9.8,2.61,2.92,1.95,3.31,11.02,1.0,3.31,3.85,9.38,3.21,4.02,4.54,1.6,2268.8,2433.67,3100.0,3612.5,4.33,2.29,6.0,8.0,9.0,60.0,21.0,5715.92,14.5,45.62,11.67,0.9,118.0,2.45,50.0,1.86,3.0,23597.5,0.01,172.06,60.83,1.92,32.0,3.71,2.66
Columbia,2222.75,1996.71,33000.0,1066.67,43.76,103.33,78.38,4.91,2.24,13.66,13.0,12.12,2.06,2.59,2.16,2.97,8.53,0.95,3.59,3.85,7.97,2.92,3.52,4.76,1.08,1467.5,1735.0,2091.75,2553.0,3.96,2.17,6.0,7.5,8.0,65.0,15.0,4555.56,12.5,37.75,20.0,0.64,90.0,2.12,33.0,1.62,3.0,24000.0,0.1,142.88,61.15,1.76,33.0,4.02,2.17
San Francisco,10027.4,14665.22,32892.14,2358.33,57.08,143.19,91.59,6.08,1.82,14.79,15.0,14.2,2.69,3.7,1.99,3.9,14.46,1.18,3.5,4.36,11.0,4.01,4.97,6.75,1.96,2695.6,3337.48,4524.14,6301.61,4.71,2.49,7.75,8.0,10.0,80.0,19.0,7825.82,15.0,84.1,23.5,0.97,81.0,3.0,33.0,1.86,3.5,23010.0,0.14,159.12,69.99,2.02,42.48,3.74,2.8
San Jose,7481.31,9725.03,22283.33,1678.81,44.46,100.3,72.59,3.18,2.29,17.47,15.0,10.94,2.92,3.08,1.85,3.22,10.54,1.2,1.93,2.81,9.9,2.2,3.98,3.1,1.99,2322.79,2686.78,3711.16,4063.92,4.66,2.57,7.0,8.0,9.5,65.0,15.95,6376.32,14.75,48.36,11.4,0.88,90.0,2.5,30.0,2.02,4.25,25000.0,0.25,129.86,58.72,1.87,39.48,3.84,4.0
Irvine,4887.32,5616.74,18666.67,1241.67,50.53,118.12,84.33,5.06,1.49,11.95,14.0,10.31,2.08,3.08,1.56,3.81,11.57,0.97,2.09,3.13,8.0,2.2,4.85,3.79,1.83,1988.57,2216.38,3024.53,3547.56,4.72,2.16,6.75,7.0,9.0,74.5,15.0,5694.29,16.5,33.75,36.67,0.95,105.0,2.0,50.0,1.71,3.5,24584.0,0.14,145.46,68.87,1.91,34.28,3.96,1.67
Madison,1812.97,3442.37,9500.0,957.0,47.62,107.62,71.63,2.98,1.08,13.32,10.0,11.71,1.88,2.12,1.37,3.3,10.63,0.76,2.28,3.27,8.0,2.61,4.38,3.09,1.9,947.95,1187.73,1597.1,2009.76,3.89,1.87,4.25,5.0,8.0,55.0,14.0,3660.23,12.0,53.84,13.0,0.59,62.5,2.0,39.0,1.68,4.0,20500.0,0.15,118.72,56.99,1.56,38.0,3.82,2.97
Seattle,26216.67,1892.46,52.55,131.19,98.3,15.0,2.67,2.97,2.1,10.0,2.21,1659.61,2179.45,2886.21,3877.59,4.74,10.0,80.0,18.0,5807.1,14.5,65.54,34.38,99.0,2.75,30.0,2.65,25000.0,0.12,64.26,44.72,3.5,,,,,,,,,,,,,,,,,,,,,,
Overland Park,1521.26,2086.66,8350.0,1070.62,48.33,117.5,72.0,4.77,1.31,7.75,14.0,11.24,1.57,1.84,1.46,2.66,9.09,0.9,2.48,2.42,8.25,3.37,2.92,4.75,2.17,815.83,983.33,1437.5,2060.0,4.04,1.36,4.5,8.5,7.0,60.0,14.5,3935.0,12.0,48.25,15.0,0.57,27.0,1.5,1.86,10.0,26000.0,0.12,186.0,71.57,1.21,4.24,1.5,,
Huntington Beach,19666.67,978.33,47.88,139.29,71.25,12.0,1.55,2.97,2.2,8.94,2.12,1888.89,2255.56,2850.0,3762.5,5.0,10.0,80.0,20.0,4815.0,12.0,33.44,12.5,69.0,2.0,3.5,22597.5,0.04,60.56,32.14,3.99,,,,,,,,,,,,,,,,,,,,,,,
San Diego,4048.57,6519.41,20653.57,1101.36,55.61,107.59,80.86,4.2,2.29,14.02,13.0,12.0,3.0,3.29,1.73,3.69,11.94,0.97,2.62,3.82,10.0,2.95,4.67,4.63,1.99,1729.94,2160.07,2894.6,3659.93,4.28,1.95,6.0,8.0,8.75,75.0,15.0,5045.13,14.25,39.93,17.96,0.92,72.0,2.5,25.0,1.86,2.8,24000.0,0.23,132.22,63.76,1.66,45.34,4.04,2.2
Fargo,9500.0,763.5,41.2,102.8,85.0,12.99,2.14,2.29,1.89,6.0,1.66,753.89,868.89,1095.0,1433.33,4.5,8.0,40.0,14.0,3219.0,11.0,28.33,14.0,40.0,1.5,30.0,4.5,26000.0,0.28,69.44,41.33,4.04,,,,,,,,,,,,,,,,,,,,,,
Minneapolis,1942.28,4440.41,18683.33,1350.77,44.75,94.48,83.38,5.88,1.52,14.7,12.0,12.61,1.81,2.01,1.63,2.89,9.56,0.8,3.7,5.37,9.53,2.96,6.04,4.22,1.94,1136.56,1422.81,1760.65,2447.92,4.37,1.91,6.0,7.0,7.5,70.0,16.85,4316.67,12.0,61.15,17.12,0.6,90.0,2.5,27.5,1.55,5.0,23000.0,0.25,172.25,60.63,1.48,38.44,4.04,3.29
Bismarck,7044.98,8799.5,680.0,42.75,70.0,109.67,4.41,1.1,8.37,8.5,8.82,0.66,1.0,1.29,1.37,6.16,0.92,2.08,4.63,5.0,2.2,2.2,4.41,1.0,533.33,700.0,1091.67,1366.67,4.08,1.33,4.12,6.0,6.0,30.0,8.0,3042.0,10.0,41.65,5.0,0.59,30.0,1.25,3.23,3.75,35000.0,156.68,59.5,1.17,30.0,4.66,2.0,,,
Santa Rosa,22000.0,1016.67,42.09,114.38,87.22,15.0,2.73,3.81,1.79,10.0,1.5,1543.75,1637.5,2733.33,2887.5,4.56,10.0,80.0,20.0,3922.32,12.0,45.41,12.5,69.5,2.0,4.5,27500.0,71.33,36.88,3.92,,,,,,,,,,,,,,,,,,,,,,,,
Santa Clarita,3435.03,3515.49,7500.0,900.0,41.5,94.8,76.0,2.93,1.41,13.23,11.0,14.69,2.13,2.62,1.9,3.75,14.7,0.96,2.85,2.56,9.0,1.62,3.41,3.66,1.6,1934.38,1982.14,2652.45,2883.89,5.0,2.12,5.0,6.0,7.5,60.0,17.5,4475.0,11.5,29.0,35.0,0.87,150.0,1.5,30.0,1.68,2.85,31550.0,0.2,163.36,62.5,1.89,35.0,4.03,2.73
Oakland,4980.07,10438.28,23333.33,1502.08,50.21,113.24,81.79,4.82,2.38,20.47,12.0,11.51,2.61,4.08,2.46,3.77,19.84,1.18,3.41,3.58,10.0,4.1,5.58,5.26,2.22,2140.31,2737.88,3400.0,4693.75,4.33,2.07,7.0,7.0,8.0,65.0,15.0,4835.38,12.5,79.11,12.0,0.96,84.6,3.67,40.0,2.36,3.5,22000.0,0.12,179.51,65.95,1.75,48.3,4.16,2.67
Sioux Falls,1140.52,1594.08,8000.0,502.78,43.75,104.8,78.8,4.32,1.73,8.04,12.0,5.17,2.72,1.19,1.47,2.12,10.26,0.58,2.93,4.9,7.0,2.88,2.94,3.3,1.53,785.0,904.75,1300.0,1775.0,4.0,1.94,3.88,5.0,7.5,45.0,12.0,3519.0,10.0,45.14,21.0,0.6,30.0,1.5,35.0,1.86,3.5,26000.0,0.09,178.33,65.88,1.25,40.89,3.74,2.44
Glendale,30000.0,600.0,47.5,95.0,64.0,14.5,2.14,3.27,1.76,9.0,2.5,2293.02,2429.68,3000.0,3566.67,4.43,7.5,50.0,15.0,3416.0,16.0,50.67,20.67,77.5,1.75,20.0,2.92,20900.0,0.1,55.33,42.5,4.27,,,,,,,,,,,,,,,,,,,,,,
Scottsdale,2799.15,8925.7,700.0,44.62,117.0,69.5,5.14,1.68,22.77,15.0,11.74,3.36,1.73,3.13,16.89,0.84,2.18,3.3,8.0,2.18,3.29,4.03,2.0,1064.09,1373.64,1782.0,2022.43,5.14,1.86,5.0,6.5,8.0,85.0,14.0,5274.0,11.0,33.44,9.33,0.73,57.0,1.88,25.0,1.55,2.75,24500.0,0.2,157.23,74.38,1.59,36.25,4.23,5.0,,
Anaheim,935.11,52.06,84.17,75.88,10.0,2.64,3.25,1.5,8.0,2.0,1612.5,1913.33,2899.75,3004.09,4.3,10.0,62.5,15.5,3953.0,12.0,29.4,16.5,69.0,2.25,32.0,3.5,24750.0,0.22,65.75,31.6,3.73,,,,,,,,,,,,,,,,,,,,,,,
Aurora,1349.33,6696.53,13000.0,966.67,55.0,101.0,68.2,4.52,1.8,11.02,11.0,10.35,0.86,2.03,2.0,3.26,7.35,0.73,1.61,3.52,8.0,1.9,3.67,4.4,1.38,930.0,1087.5,1837.5,1766.67,3.87,2.12,5.0,6.0,8.0,50.0,13.0,4242.0,11.5,31.5,25.0,0.66,200.0,6.38,25.0,1.24,5.0,18000.0,0.2,171.05,55.5,1.31,43.75,4.21,1.0
Plano,1403.37,3165.26,8500.0,973.22,45.31,92.27,79.47,3.14,1.53,11.57,12.0,8.25,2.88,1.94,1.25,2.68,7.95,0.66,2.04,2.36,7.0,2.07,3.61,2.49,1.55,1099.38,1233.33,1866.67,2440.0,3.74,1.77,5.0,6.0,7.0,50.0,10.0,4930.56,10.0,37.86,35.0,0.53,80.0,3.0,19.5,1.12,2.25,18000.0,0.15,150.9,63.51,1.42,38.41,4.02,2.59
Oxnard,3060.07,6428.26,5500.0,600.0,40.0,80.0,80.0,7.15,1.41,23.15,8.0,14.7,1.6,3.07,1.93,4.13,13.23,1.02,4.4,6.08,10.0,5.24,5.0,6.93,1.41,1633.33,2000.0,2637.5,2766.67,4.19,2.26,5.0,6.0,6.5,60.0,15.0,4389.0,15.0,31.67,10.0,0.87,50.0,0.75,1.86,3.0,20669.0,151.33,55.0,1.7,31.67,4.66,1.3,,
Garden Grove,2960.08,3928.83,18666.67,1241.67,50.53,118.12,62.5,5.06,1.3,11.95,14.0,10.31,2.08,3.08,1.56,3.81,11.57,0.97,2.09,3.13,8.0,2.2,4.85,3.79,1.83,1433.33,1450.0,2400.0,2900.0,4.72,2.16,6.75,7.0,7.69,74.5,10.0,3587.0,15.0,47.5,35.0,0.95,60.0,5.0,31.22,1.68,2.85,23000.0,0.3,145.46,50.0,1.91,34.28,3.43,1.67
Charleston,2426.36,5180.96,18666.67,980.0,51.5,113.62,81.67,5.08,1.51,12.7,12.5,13.31,1.67,1.86,2.12,2.61,9.79,0.84,3.67,7.48,7.5,4.98,4.26,5.12,1.64,1372.6,1795.24,1793.75,2776.92,4.83,2.43,4.5,8.0,7.0,60.0,16.5,3863.14,11.0,32.17,12.5,0.56,57.0,2.0,45.44,3.11,6.0,27500.0,0.1,207.43,61.53,1.41,39.25,3.58,1.99
Raleigh,11333.33,855.56,44.64,100.68,75.76,11.5,2.83,2.23,1.84,6.35,1.85,1007.0,1356.58,1463.45,1949.82,4.29,8.0,60.0,15.0,4126.12,10.75,33.48,11.4,40.0,1.25,27.5,2.5,22000.0,0.17,57.05,40.8,3.88,,,,,,,,,,,,,,,,,,,,,,
Honolulu,5507.31,7606.12,22142.86,1000.0,49.0,102.54,94.59,6.5,3.21,15.55,15.0,12.9,2.57,4.25,3.18,4.66,15.08,1.75,5.05,5.67,10.0,4.17,5.68,6.36,2.19,1618.92,1928.92,3106.59,3456.59,5.33,2.41,6.0,8.0,9.0,80.0,15.0,3747.82,14.0,49.61,13.6,0.92,70.0,2.75,36.0,2.24,3.6,25000.0,0.29,267.53,60.95,2.01,36.25,4.06,2.34
Cedar Rapids,882.64,1743.75,5000.0,340.0,52.5,107.5,84.0,5.67,1.9,10.74,12.99,8.81,1.57,2.01,2.0,2.67,12.49,1.09,3.03,5.87,6.83,1.76,5.14,7.34,2.5,662.5,800.0,1150.0,2000.0,4.0,2.17,4.0,5.0,7.0,84.5,13.5,3398.0,13.75,42.5,11.67,0.59,27.5,1.5,1.86,2.75,27377.5,0.33,283.33,68.75,1.67,51.25,4.19,3.03,
Austin,2026.72,4366.88,17000.0,991.06,38.6,89.92,76.09,3.4,1.27,11.79,12.0,7.66,1.96,2.52,1.77,2.19,10.33,0.81,2.15,3.47,7.0,2.31,3.03,3.52,1.53,1091.27,1703.34,1848.89,3119.23,3.95,1.97,4.0,6.0,7.5,50.0,15.0,4477.92,12.0,37.93,7.86,0.53,41.25,1.25,29.0,1.55,2.5,21422.5,0.09,140.86,62.61,1.46,35.48,3.78,2.05
Portland,2299.61,3658.21,13500.0,800.0,41.43,87.0,62.88,5.49,1.71,14.33,15.0,12.86,3.1,2.25,2.33,3.44,14.7,1.13,6.61,3.28,8.0,2.84,9.92,5.56,2.5,1036.5,1383.33,1712.5,2311.86,4.21,2.08,4.5,8.0,9.0,60.0,15.0,3362.0,11.0,22.71,30.0,0.62,45.0,1.5,50.0,2.8,2.5,21000.0,0.2,120.73,64.16,1.91,35.86,4.35,3.5
Pearl City,1023.52,47.55,79.29,5.2,3.26,14.88,12.26,4.34,2.47,4.59,12.13,1.65,4.48,5.22,9.0,3.28,5.84,5.27,2.17,5.25,1.79,5.5,7.0,10.0,100.0,15.0,48.04,0.94,202.31,56.25,1.44,35.87,,,,,,,,,,,,,,,,,,,,,,
Oceanside,6387.66,22944.69,4000.0,866.67,54.29,103.75,82.38,5.51,1.42,10.62,12.0,15.43,1.0,2.97,1.15,3.51,16.17,0.99,2.87,4.41,11.5,3.82,4.5,4.04,2.33,1666.67,1749.38,2357.14,2436.38,6.0,2.12,6.25,7.5,10.5,65.0,20.0,3856.0,14.5,22.5,12.33,0.9,60.0,2.38,25.0,2.11,3.02,23500.0,0.16,148.78,69.88,1.79,40.0,4.25,1.0
Lincoln,1195.78,2941.62,816.67,40.11,93.57,75.33,4.48,1.88,12.95,8.5,11.38,1.21,1.84,2.14,2.4,10.33,0.83,3.72,3.09,6.0,2.41,3.44,3.23,2.83,729.25,783.22,1328.57,1312.5,3.55,1.94,4.0,6.0,8.0,52.5,15.0,3039.0,10.0,40.0,12.5,0.62,33.25,1.75,35.0,1.44,3.0,19000.0,0.2,142.33,73.12,1.62,36.25,4.46,1.77,
Boston,5461.13,11158.52,26250.0,1811.38,47.41,116.36,80.15,5.44,1.81,17.05,15.0,12.07,2.62,2.58,2.12,3.16,15.42,0.9,4.15,5.34,12.0,1.32,5.12,6.15,2.22,1912.55,2689.86,2923.2,4415.22,4.32,2.31,7.0,8.0,9.0,80.0,20.0,5008.78,15.0,62.53,21.43,0.66,90.0,2.7,28.0,1.86,3.0,23000.0,0.09,172.53,67.35,1.9,37.76,4.02,3.29
Santa Ana,4327.6,4837.93,7500.0,1020.0,48.75,96.43,74.38,4.95,1.73,13.83,12.0,9.94,2.61,2.91,1.31,4.05,12.71,1.1,2.59,3.49,7.0,3.91,6.93,3.78,2.33,1541.67,2121.43,2681.25,3133.33,5.38,1.75,5.0,7.0,8.0,50.0,15.0,4261.0,14.0,50.62,30.0,0.9,69.0,2.0,30.0,2.8,5.0,23000.0,0.22,145.4,72.86,1.44,38.38,4.4,4.0
Pembroke Pines,2284.1,2678.06,8000.0,928.57,42.0,93.2,75.0,4.4,1.57,13.59,15.0,10.57,2.71,2.64,2.07,3.8,10.2,1.27,3.46,5.5,7.0,3.25,6.47,5.35,1.78,1216.67,1600.0,2483.33,2933.33,4.5,1.84,5.0,7.0,8.0,65.0,17.0,3206.0,12.0,37.5,12.0,0.65,24.0,1.49,2.57,22000.0,0.16,127.29,69.12,1.59,33.11,3.72,2.83,,
Burlington,1250.0,37.5,67.5,60.0,6.26,2.67,13.43,13.5,10.01,2.47,2.4,1.99,2.34,13.22,0.86,4.28,6.92,7.0,5.71,5.5,5.05,1.89,616.67,766.67,975.0,1066.67,4.0,2.1,4.0,7.0,9.0,45.0,13.0,9.0,30.0,0.72,30.0,5.0,3.11,6.0,23000.0,125.0,57.5,1.23,30.0,3.75,2.59,,,,,,,
Jersey City,3369.55,11617.61,9500.0,1785.0,49.78,78.75,73.75,4.95,2.11,16.53,12.0,9.73,1.25,2.91,2.1,2.92,12.49,1.08,4.22,5.78,9.25,4.45,5.18,4.4,1.92,1430.0,2570.79,1942.1,3724.35,3.59,2.03,6.0,7.0,8.0,60.0,15.0,5090.93,15.5,76.0,50.0,0.67,90.0,2.75,30.0,1.53,2.5,20000.0,0.2,91.21,66.94,1.59,50.67,4.25,3.5
Yonkers,3261.46,10151.9,24700.0,1200.0,48.75,116.67,71.25,5.28,1.41,15.62,18.5,8.44,2.36,3.16,3.65,3.67,13.96,1.28,4.98,0.86,12.0,3.37,5.5,6.45,3.16,1470.0,1816.67,2475.0,2850.0,3.75,2.47,6.0,7.25,9.0,75.0,16.5,3724.06,13.5,46.67,10.0,0.66,137.72,2.75,30.0,1.24,3.0,25250.0,0.1,117.11,64.17,2.62,38.75,4.07,2.0
Chandler,1755.46,3818.6,4000.0,912.5,42.86,75.0,72.5,2.2,1.46,8.82,9.0,11.74,2.86,2.33,1.0,2.02,4.41,0.84,1.32,4.41,12.0,1.1,3.29,1.1,1.3,1028.57,1167.86,1407.14,1776.43,4.45,1.9,5.67,6.0,6.5,40.0,17.5,4196.43,11.0,24.43,21.67,0.73,25.0,1.5,36.0,1.37,2.75,24000.0,0.2,157.23,74.38,2.33,40.0,3.99,4.0
Omaha,1708.38,1708.38,8000.0,892.75,48.5,113.75,78.8,4.77,1.73,15.36,12.0,9.36,2.72,1.45,1.47,2.44,10.26,0.58,2.93,4.9,7.0,2.88,2.94,3.3,1.53,764.06,899.71,1375.0,1612.5,4.57,2.07,4.0,6.0,8.0,50.0,12.0,3314.67,10.0,34.54,27.5,0.6,55.0,1.38,35.0,2.27,3.5,26000.0,0.09,186.63,78.57,1.56,40.89,3.74,2.44
Juneau,2098.96,2152.78,6000.0,1172.5,55.0,146.67,70.0,6.24,2.33,13.85,16.5,8.08,2.14,3.16,3.17,4.57,14.29,0.94,2.63,3.78,12.0,2.19,6.94,5.13,3.25,1133.33,1256.67,1975.0,2175.0,5.62,2.57,6.5,6.0,8.0,77.5,17.0,3509.83,13.0,107.14,0.85,40.0,2.0,1.37,3.4,40000.0,166.8,98.0,2.63,69.67,4.54,1.8,,,
Sacramento,2339.1,6596.53,18000.0,1106.43,43.82,110.16,80.13,4.54,1.68,12.5,10.0,8.54,2.02,2.76,1.62,3.54,15.66,0.97,2.28,4.21,9.0,2.54,3.72,5.42,1.42,1313.91,1504.0,1921.43,2570.45,4.53,1.95,5.0,5.0,8.0,60.0,13.75,3853.2,13.0,47.19,11.62,0.9,100.0,2.5,27.5,1.86,4.0,25000.0,0.17,171.6,62.09,1.48,36.42,3.89,2.12
Cheyenne,1910.59,1910.59,12000.0,645.0,53.0,66.67,63.33,5.5,1.67,12.99,9.5,7.33,1.25,2.17,1.76,2.07,11.57,0.71,3.32,4.68,5.65,3.65,4.41,4.91,2.0,730.0,800.0,1287.5,1287.5,5.06,2.31,3.5,4.5,8.0,24.0,5.0,5055.56,10.62,28.75,0.61,30.0,4.25,24.0,1.24,3.25,23000.0,0.1,147.69,64.33,1.81,37.5,4.53,2.0,
Virginia Beach,1756.82,7785.44,833.33,46.75,99.83,79.38,3.97,1.98,9.54,10.0,6.6,3.48,1.5,1.5,2.25,9.99,0.7,2.13,3.24,6.51,2.06,3.81,3.08,1.6,1002.22,1095.91,1563.46,1823.7,5.25,2.39,4.5,6.0,10.0,65.0,15.0,4178.0,12.0,29.75,30.0,0.57,45.0,3.0,21.5,1.49,3.25,22325.0,199.73,75.0,2.15,32.0,3.79,3.42,,
Peoria,1661.95,1818.56,4000.0,763.33,53.75,125.0,105.0,2.2,1.3,9.37,7.0,4.17,1.79,2.28,1.05,2.76,8.8,0.66,1.5,4.41,7.62,1.1,3.31,2.2,1.99,852.5,938.75,1250.0,1675.0,5.5,2.43,3.75,5.0,7.75,50.0,10.5,3456.0,12.0,26.4,30.0,0.72,92.0,4.0,30.0,1.37,2.75,24500.0,0.14,170.0,90.0,1.28,47.5,4.61,1.89
Tempe,1863.95,2430.29,16700.0,850.74,37.33,68.75,60.5,2.76,1.3,10.41,9.75,7.72,1.88,1.7,1.25,2.09,10.42,0.61,1.62,2.18,8.0,2.04,2.97,2.92,1.63,854.29,1181.25,1421.43,1828.57,4.23,1.9,3.25,6.0,6.42,45.0,11.0,3497.0,11.0,25.62,10.0,0.71,52.0,2.0,36.0,1.37,2.75,16500.0,0.03,158.05,77.94,1.35,26.0,3.98,1.2
Los Angeles,5531.74,8246.14,21629.57,1038.23,52.37,111.94,77.14,3.95,1.85,14.54,15.0,12.61,2.58,3.43,1.64,3.7,12.31,1.03,2.14,2.97,10.0,2.48,5.9,4.22,2.11,1792.31,2222.82,3011.3,4400.41,4.69,2.2,6.5,8.0,9.0,75.0,20.0,4639.08,15.0,41.42,9.98,0.94,100.0,1.75,29.19,1.68,2.85,25000.0,0.13,143.39,66.55,2.04,38.14,3.75,2.31
Salt Lake City,2849.55,8148.66,14466.67,795.62,42.83,86.58,72.82,3.6,1.31,12.19,12.0,7.25,2.22,2.16,1.37,2.66,8.8,0.67,2.1,2.62,7.5,1.77,2.99,3.14,2.22,1000.82,1312.07,1519.23,2006.82,4.43,1.7,5.0,6.5,7.5,50.0,12.0,3906.19,10.38,30.45,7.33,0.67,83.75,2.5,37.5,1.86,2.8,19892.0,0.17,139.75,63.04,1.38,35.19,3.88,2.83
Chicago,2147.63,5068.3,20667.63,1285.75,50.49,111.56,83.26,4.29,1.52,12.16,12.0,9.3,2.35,2.23,1.77,3.03,11.62,0.78,2.62,3.42,14.5,2.97,4.3,4.61,2.09,1266.56,1882.42,2179.71,3570.78,4.26,1.97,5.5,7.0,8.0,72.5,15.0,4453.86,14.5,53.99,23.82,0.78,105.0,2.5,26.0,1.68,3.25,23000.0,0.28,146.74,63.56,1.6,42.29,3.97,2.46
Denver,2920.01,5012.86,13961.29,1180.95,47.08,105.82,79.0,3.51,1.46,12.91,15.0,8.21,2.67,2.35,1.44,2.65,14.53,0.86,2.03,3.55,7.0,1.82,3.28,3.62,1.83,1318.47,1662.44,2278.46,2921.69,4.62,1.98,6.0,7.5,8.0,68.17,15.0,4523.28,13.25,45.66,14.56,0.63,114.0,3.0,22.5,1.4,2.5,23000.0,0.22,140.95,62.53,1.6,36.0,3.64,2.37
New York,8048.65,16308.41,39200.0,2479.17,58.52,142.63,89.66,6.12,2.84,16.28,15.0,13.64,3.06,3.35,2.2,3.78,15.14,1.2,3.88,5.22,15.0,4.18,5.73,5.72,2.09,2010.53,3364.29,3482.68,6560.09,4.82,2.17,7.35,8.73,9.5,100.0,20.0,6022.99,16.0,86.16,36.75,0.71,127.0,2.75,35.0,1.86,3.5,22000.0,0.11,148.86,64.06,1.75,41.8,3.77,3.01
Anchorage,8000.0,1040.0,47.5,100.0,78.26,15.0,2.41,3.08,2.41,10.0,2.56,951.39,1220.59,1714.29,1915.79,4.41,9.8,67.4,14.16,4289.29,13.0,72.31,15.0,60.0,2.0,45.0,2.75,28000.0,0.15,124.52,31.62,4.29,,,,,,,,,,,,,,,,,,,,,,
Long Beach,5982.56,7501.7,15500.0,833.33,42.76,93.25,70.28,4.71,1.47,15.21,9.99,11.9,2.84,3.07,1.3,3.12,11.63,1.07,2.29,3.3,12.0,2.63,6.61,3.12,1.44,1452.07,1895.56,2388.33,2916.67,4.33,2.06,7.0,8.0,8.0,60.0,12.0,4169.0,13.25,31.43,22.25,0.95,65.0,1.25,36.0,1.68,2.85,25000.0,0.06,103.28,62.86,1.62,32.0,3.8,2.74
Nashua,11409.73,11409.73,783.33,38.0,78.8,64.0,2.2,1.46,13.21,6.0,5.16,2.14,1.33,1.99,1.79,9.92,0.69,4.39,2.2,7.0,2.84,1.96,2.18,1.6,1133.33,1305.0,1500.0,1666.67,3.88,1.8,4.25,6.25,7.5,65.0,20.0,3864.0,10.0,20.0,0.6,1.25,22.5,0.93,2.5,23000.0,0.01,133.33,87.5,1.31,30.0,4.16,1.0,,,
Boise,2292.83,4439.2,13333.33,665.62,46.0,98.67,75.81,3.38,1.83,10.61,12.0,8.03,1.89,1.88,1.31,2.61,11.16,0.6,1.5,2.91,6.35,1.47,3.14,2.5,1.68,976.86,1273.41,1453.0,1927.7,4.51,1.6,5.0,6.5,7.25,50.0,15.0,2950.31,12.0,38.5,8.75,0.68,36.0,1.5,24.0,1.49,2.6,22000.0,0.23,148.15,61.15,1.58,41.38,3.8,1.96
Colorado Springs,2073.61,3307.75,12000.0,1005.0,42.0,108.22,78.33,4.95,1.83,11.51,13.0,8.95,3.04,2.75,1.51,2.54,12.6,0.8,3.49,4.21,8.0,3.02,4.2,5.09,2.05,985.64,1201.31,1560.39,1871.59,4.83,2.02,5.0,7.0,8.0,50.0,15.0,3471.14,11.38,36.94,45.0,0.67,63.0,1.75,22.5,1.86,3.35,20500.0,0.1,125.11,67.0,1.84,37.22,4.21,3.77
Pittsburgh,918.59,3032.72,15000.0,1066.67,51.67,91.82,78.08,5.43,1.39,13.87,14.0,11.27,2.38,1.91,1.8,2.73,10.19,1.05,3.65,4.4,9.0,5.64,3.99,5.5,2.22,944.54,1290.29,1478.62,2073.88,3.73,1.93,4.0,5.0,8.0,60.0,12.0,3596.89,11.0,39.07,31.25,0.72,100.0,2.75,21.0,1.55,4.0,21845.0,0.14,189.86,72.96,1.43,26.78,3.74,3.5
Fort Lauderdale,2193.29,5259.58,26000.0,928.57,42.0,93.2,75.0,6.26,1.75,18.18,15.0,13.85,2.71,2.65,2.07,3.99,10.98,1.27,3.52,5.5,7.0,3.25,6.47,5.88,1.78,1372.58,1805.03,2456.86,2974.61,4.29,1.84,5.0,7.0,6.0,65.0,17.0,4070.27,12.0,34.0,15.0,0.62,70.0,2.0,24.0,1.49,2.55,22000.0,0.16,123.97,60.19,1.59,33.11,3.94,2.83
Charlotte,1695.89,3514.44,14603.75,991.25,41.15,121.12,87.5,5.27,1.32,12.84,12.0,7.08,2.29,1.93,1.19,2.7,9.1,0.78,2.79,4.62,7.49,2.88,3.27,4.3,1.48,1058.32,1538.04,1772.49,2734.26,4.33,1.86,4.75,6.0,7.5,62.0,15.0,4333.52,12.0,44.76,23.86,0.62,87.0,2.2,35.0,2.5,2.5,24000.0,0.13,143.63,59.61,1.5,38.69,3.71,2.05
Chesapeake,650.5,42.66,86.67,68.75,12.5,1.71,1.75,1.23,6.03,1.5,1122.62,1160.12,1562.71,1655.0,3.0,7.5,60.0,12.0,3689.0,10.0,36.0,70.0,2.0,3.0,22500.0,77.5,41.67,3.97,,,,,,,,,,,,,,,,,,,,,,,,,,
Rancho Cucamonga,1345.49,1345.49,8600.0,933.33,52.06,84.17,65.66,4.76,1.32,8.82,10.0,9.55,2.64,3.05,0.99,2.62,11.02,0.86,2.57,4.41,8.0,3.31,5.14,4.4,1.5,1486.0,1649.17,2662.5,2712.5,4.3,1.85,5.85,7.0,10.0,50.0,15.5,4389.0,12.5,33.75,24.99,0.89,55.0,1.75,20.0,1.62,2.6,18947.5,0.1,153.16,56.0,2.25,25.0,4.58,3.0
Rapid City,1184.03,1291.67,453.33,56.0,71.0,74.5,1.6,13.23,12.5,6.06,0.8,2.38,3.31,9.37,0.99,3.86,6.5,1.32,4.41,6.17,1.75,795.0,749.75,1387.5,1250.0,4.05,1.52,3.25,5.0,7.0,50.0,12.9,2727.0,12.0,46.67,0.6,30.0,1.5,22.5,1.24,4.0,0.12,235.87,95.0,1.12,32.33,5.16,,,,,,,
Missoula,2386.89,6428.35,720.0,51.0,108.75,75.83,4.77,1.95,13.23,10.0,11.02,2.26,2.8,1.75,2.57,14.7,1.01,1.68,4.39,7.0,2.71,5.51,3.67,2.2,719.44,943.75,1187.5,1464.29,3.74,2.72,4.0,4.0,8.0,60.0,13.0,2737.0,15.0,44.38,12.5,0.67,50.0,1.46,2.0,23000.0,121.86,65.0,1.12,30.83,4.22,3.0,,,,
Durham,1441.32,2641.34,17265.0,853.33,44.44,109.29,78.33,5.14,0.98,15.43,13.5,11.75,2.64,3.62,1.75,3.72,20.58,1.48,2.76,8.81,6.2,1.71,4.63,5.51,1.5,1203.47,1417.25,1527.78,1985.71,4.02,1.58,4.5,7.0,7.0,55.0,12.0,3551.2,12.0,29.18,10.0,0.61,36.0,2.0,1.24,3.6,22000.0,0.1,116.34,62.31,1.19,33.62,4.31,2.25,
Miami,22200.0,851.36,47.2,102.92,85.27,10.99,2.65,2.78,2.02,7.5,1.89,1314.79,1876.05,2495.9,3589.27,4.21,8.0,65.0,15.0,3521.38,15.0,48.13,15.29,112.5,2.25,24.0,3.0,23500.0,0.19,66.02,38.91,4.06,,,,,,,,,,,,,,,,,,,,,,
Des Moines,1126.76,2624.94,9250.0,730.5,38.67,72.86,68.33,4.79,1.1,10.74,12.0,9.5,1.93,2.29,1.74,2.8,12.65,0.97,2.84,3.79,7.0,1.59,3.26,5.54,1.75,858.23,979.04,1189.86,1612.57,3.98,1.88,4.12,5.0,7.5,42.5,14.0,3270.4,11.5,34.22,20.0,0.59,48.0,1.75,25.0,1.24,2.0,20870.0,0.19,160.62,75.55,1.28,33.28,3.92,2.08
Reno,2346.41,3167.1,712.86,44.79,88.94,72.59,3.79,1.67,14.51,10.0,8.27,1.94,2.39,1.47,2.87,10.85,0.85,1.84,4.07,8.0,2.14,2.73,3.53,1.86,1112.8,1243.27,1841.32,2073.33,4.57,2.22,4.12,5.0,8.0,51.0,15.0,3821.91,10.0,29.77,2.33,0.74,51.0,2.0,28.75,1.94,3.0,27500.0,0.14,130.01,57.24,1.68,31.07,3.67,3.14,
Casper,4500.0,781.25,18.33,70.0,63.33,3.28,1.1,3.86,9.49,10.47,0.85,1.5,0.5,1.1,4.89,0.53,1.1,1.1,5.76,1.1,1.43,3.31,0.5,733.33,550.0,1011.29,995.5,2.33,1.45,3.0,5.0,3.5,24.0,5.0,3000.0,10.0,26.5,0.57,27.0,1.25,25.0,1.55,3.5,24000.0,0.03,127.34,52.33,1.5,15.0,4.25,2.75,,,
Tampa,1373.86,3820.91,10247.0,859.93,41.42,92.96,77.68,6.4,1.55,14.82,10.0,14.59,2.4,2.47,1.89,2.96,12.0,0.97,2.79,5.08,6.6,4.07,5.03,5.36,2.49,1071.78,1496.12,1685.41,2281.59,3.93,1.95,4.5,6.0,8.0,60.0,15.0,3873.47,12.95,26.87,28.85,0.62,65.0,2.0,50.0,1.86,2.5,23000.0,0.14,158.49,61.26,1.54,33.96,4.11,2.82
Tacoma,2812.52,7194.94,18266.67,668.33,43.28,108.07,80.31,3.77,1.4,14.23,14.5,8.8,1.96,2.64,1.71,3.56,17.43,0.74,1.61,3.63,9.88,1.62,4.68,5.5,1.55,1195.79,1418.47,1806.43,2178.67,4.03,1.75,4.25,5.5,9.98,60.0,15.0,3409.58,12.25,33.44,28.33,0.79,75.0,2.5,60.0,1.55,3.5,22447.5,0.33,208.62,71.0,1.39,37.8,4.24,2.17
Vancouver,2196.77,4268.04,13475.0,1250.0,44.22,92.71,70.9,2.93,1.4,14.74,10.0,9.62,2.37,2.2,1.56,2.42,11.3,0.83,2.08,3.95,8.99,2.81,2.87,3.57,1.45,1051.11,1347.22,1697.14,2112.5,4.66,1.61,5.0,5.5,7.0,50.0,15.0,3840.84,12.25,34.5,19.25,0.78,81.0,2.25,30.0,1.62,3.5,20000.0,0.15,164.96,60.75,1.27,34.14,4.35,4.0
Washington,3753.55,7193.64,32988.91,1715.17,58.38,118.23,85.44,5.6,1.48,15.72,12.0,10.83,2.51,2.64,2.22,2.96,10.92,0.94,2.39,5.32,12.0,2.09,4.78,4.44,1.83,1838.92,2396.41,3280.31,4312.33,4.64,2.32,6.5,8.0,8.0,80.0,15.0,5470.36,14.5,87.45,13.71,0.69,99.0,3.0,27.5,1.55,3.5,23000.0,0.14,151.6,61.32,1.98,40.05,3.71,2.41
Port St. Lucie,2478.39,5524.57,9057.5,700.0,46.6,82.5,65.0,5.5,1.76,14.58,16.0,11.29,3.25,2.52,1.55,2.78,8.87,0.96,3.84,3.45,5.62,5.01,4.94,4.51,3.58,987.5,1083.33,1462.5,1700.0,5.25,2.06,3.0,5.75,7.5,50.0,12.0,2629.33,10.0,29.0,20.0,0.58,20.0,3.5,20.0,0.78,3.5,23000.0,157.62,59.14,1.6,39.75,4.42,4.33,
Mesa,1590.31,6375.4,7552.0,924.73,38.0,87.86,72.67,3.02,1.65,8.8,10.0,6.61,2.49,1.95,1.22,2.62,10.47,0.7,3.35,4.4,8.0,2.88,4.78,3.18,2.12,824.88,933.22,1266.25,1506.25,4.4,2.13,5.0,6.0,6.0,60.0,14.0,3176.7,11.0,21.5,6.29,0.74,54.5,2.0,23.0,1.4,2.97,21000.0,147.34,71.25,1.39,31.14,4.46,2.16,
Providence,1545.91,3636.12,11533.33,1145.83,39.57,94.17,84.0,4.39,2.3,16.81,14.0,6.74,2.04,2.73,2.0,2.3,9.48,0.91,2.74,3.86,11.0,3.88,6.25,5.87,4.0,1731.75,1691.25,1618.0,1956.0,3.32,1.88,5.0,7.0,10.0,65.0,13.0,3163.0,12.5,31.67,15.25,0.61,70.0,2.0,30.0,2.17,3.5,25407.5,0.08,195.98,84.71,1.67,31.67,4.57,1.65
Irving,1483.88,3010.3,9200.0,966.67,42.5,77.0,72.38,2.84,1.1,7.71,11.99,7.71,2.43,1.82,1.06,2.15,8.54,0.64,1.82,3.67,6.0,2.17,2.63,3.3,1.5,972.75,1361.19,2100.14,2122.0,3.5,1.65,3.88,5.0,7.0,43.0,12.0,4407.0,8.31,35.5,0.55,73.0,1.12,2.25,22500.0,0.01,99.12,56.89,1.27,25.0,4.25,2.5,,,
Manchester,1844.21,2131.7,11533.33,783.33,38.0,78.8,64.0,4.39,2.3,14.83,12.0,8.6,2.14,2.07,2.99,2.62,9.92,0.83,2.58,3.86,6.5,3.88,6.25,4.41,1.6,1188.75,1212.5,1741.67,1816.67,3.88,1.8,5.5,6.25,7.5,65.0,20.0,3943.0,10.0,24.83,10.0,0.6,60.0,5.0,22.5,0.93,3.0,23000.0,0.01,194.59,84.71,1.31,32.5,4.16,2.5
Orlando,9271.43,860.0,38.68,88.4,74.2,12.0,1.84,2.55,1.84,7.12,1.97,1102.58,1370.02,1622.99,2174.45,4.41,8.0,50.0,17.0,3243.37,12.0,31.93,23.5,50.0,2.0,30.0,2.75,23147.5,0.15,67.67,33.29,4.08,,,,,,,,,,,,,,,,,,,,,,
Grand Rapids,1141.4,2543.09,14000.0,1167.78,45.91,106.12,84.27,4.4,1.44,11.71,13.5,6.31,3.04,1.57,1.8,1.98,12.31,0.7,2.76,4.13,8.0,2.26,4.02,4.88,2.5,937.0,1194.44,1509.09,1959.17,4.23,1.9,4.0,5.0,8.0,50.0,12.0,3329.05,12.0,38.0,19.5,0.67,43.5,1.75,1.63,4.15,22500.0,0.16,112.14,67.62,1.69,36.11,4.43,3.75,
Atlanta,1816.84,5165.18,25500.0,1080.64,48.87,108.14,82.41,5.34,2.75,14.01,15.0,10.6,2.68,2.27,1.84,2.69,10.55,0.81,2.93,5.19,5.75,3.49,3.98,4.78,1.97,1103.91,1567.11,2050.26,2900.71,4.24,1.97,5.0,6.0,7.0,50.0,14.0,4600.61,14.0,32.0,22.63,0.62,95.0,2.5,24.5,2.17,2.5,23370.0,0.16,167.95,71.92,1.74,31.46,3.98,3.64
Hialeah,1596.97,5729.33,8000.0,900.0,40.0,79.0,66.0,4.4,1.57,13.59,15.0,10.57,2.78,2.64,2.34,3.8,10.2,1.59,3.46,6.66,10.0,5.28,7.22,5.35,2.0,1133.33,1700.0,2100.0,2500.0,2.0,2.0,2.0,3.33,6.0,45.0,10.0,1768.0,12.0,39.0,0.53,2.5,46.0,1.49,4.5,22000.0,0.24,127.29,69.12,1.0,25.0,3.72,3.0,,
Tallahassee,1444.52,2094.35,8880.0,615.83,47.5,78.5,66.11,5.33,1.46,14.32,15.0,11.33,2.14,3.18,2.35,2.75,12.35,1.0,3.58,6.16,6.5,3.48,4.24,6.17,1.8,828.12,1007.5,1355.56,1593.75,4.14,1.91,4.25,7.0,7.0,60.0,12.0,2902.41,13.0,30.56,2.5,0.61,38.0,1.25,1.49,2.5,28000.0,189.19,74.64,1.36,28.75,4.22,2.85,,
Garland,1270.48,2086.76,14997.5,1700.0,56.25,105.0,68.75,6.32,0.96,26.67,14.0,10.91,1.57,2.58,1.49,2.28,9.19,1.02,4.02,4.22,5.5,3.45,5.77,4.17,1.75,900.0,1166.67,1262.5,1575.0,3.71,1.31,3.5,4.5,6.5,57.5,13.5,3352.0,15.0,35.0,0.53,50.0,3.0,20.0,1.12,2.25,23500.0,0.01,186.41,52.25,1.07,30.0,4.5,1.15,
Henderson,1818.91,4470.37,15600.0,1600.0,49.88,96.88,71.38,3.66,1.75,8.94,9.0,6.48,2.74,2.36,1.14,2.48,8.79,0.77,2.09,4.84,10.0,3.37,5.96,2.74,1.45,1127.0,1225.54,1498.7,1846.71,3.85,1.12,4.0,4.5,8.0,60.0,15.0,4116.0,11.0,27.71,5.0,0.76,65.0,5.0,40.0,1.71,3.9,25454.5,0.1,175.63,86.29,1.25,34.17,4.31,3.5
Fontana,15435.43,15435.43,9000.0,833.33,43.0,93.25,70.28,4.71,1.47,15.21,9.99,11.9,2.84,2.24,1.18,2.65,11.63,0.92,2.19,3.3,9.0,2.63,3.35,3.12,2.33,1174.5,1150.0,1595.0,1625.0,4.33,2.06,5.0,7.0,8.0,60.0,15.0,3995.0,12.5,25.0,0.93,55.0,1.75,36.0,1.62,2.6,20910.0,0.06,103.28,62.86,1.62,32.0,4.28,2.74,
St. Petersburg,1740.71,5196.65,8750.0,906.67,52.5,100.5,84.44,4.84,1.91,13.22,13.0,10.83,2.1,1.76,1.59,3.37,11.76,0.96,4.4,4.67,5.0,1.98,4.03,4.86,2.16,958.59,1294.05,1613.64,2215.38,3.32,1.78,4.0,5.0,8.0,55.0,12.5,3457.5,12.0,35.25,21.5,0.59,70.0,2.25,22.5,1.4,2.5,22597.5,0.1,127.58,65.78,1.54,30.83,4.35,2.5
Modesto,7976.05,7976.05,550.0,46.67,78.0,75.83,5.17,2.18,9.19,12.5,9.05,2.46,2.86,2.3,2.92,8.82,1.01,2.06,6.6,6.59,2.65,4.59,4.56,2.0,929.0,1049.0,1781.67,1865.0,5.05,1.95,5.0,5.5,8.0,95.0,20.0,3367.0,10.0,33.0,0.82,35.0,2.1,9.26,1.55,5.0,18999.5,0.35,249.18,62.14,1.38,30.0,3.86,3.5,,
Fort Worth,1185.92,3237.04,17000.0,933.33,43.67,92.78,76.36,4.96,1.57,8.54,11.5,7.67,2.86,1.95,1.77,2.34,10.02,0.72,2.33,3.15,7.0,2.36,4.02,3.64,1.58,967.94,1247.88,1460.77,1663.33,4.36,2.08,3.25,5.0,8.6,54.0,15.0,3717.11,10.5,32.13,19.0,0.58,80.0,2.0,22.5,1.12,2.25,23190.0,0.28,175.12,61.17,1.38,41.88,4.21,2.62
Riverside,2612.79,6869.78,9000.0,833.33,50.57,120.0,89.29,2.76,1.6,10.63,12.0,11.56,3.1,2.24,1.18,2.65,14.32,0.86,1.84,2.21,8.75,4.47,3.35,2.33,2.33,1372.88,1551.26,2021.43,2000.0,4.0,2.36,5.0,7.0,8.0,57.0,15.0,3381.89,12.25,41.67,15.0,0.85,55.0,2.0,36.0,1.62,2.6,18000.0,0.13,211.15,65.0,1.57,37.5,4.28,3.83
Billings,1765.28,4159.35,920.0,47.0,101.86,77.0,3.32,2.48,9.17,21.0,6.64,1.56,2.5,2.06,2.73,11.75,0.82,2.17,4.02,7.5,2.38,4.77,5.05,1.79,707.14,1056.43,1307.0,1854.29,4.65,2.06,5.0,6.5,8.5,52.5,11.1,2880.0,12.0,49.57,22.5,0.63,28.0,2.0,27.5,2.49,2.5,24200.0,0.1,114.87,64.86,1.39,33.75,3.88,2.83,
Spokane,1789.88,4379.06,12518.0,807.14,45.53,96.0,72.32,3.92,1.68,12.12,12.0,11.29,1.58,2.29,1.6,2.56,10.39,0.8,2.37,3.18,9.0,4.24,4.64,3.58,1.62,766.0,890.42,1300.53,1615.62,4.48,1.91,5.0,5.0,8.0,65.0,15.0,2816.67,13.75,37.05,21.67,0.73,60.0,2.0,30.0,1.72,5.88,24000.0,0.2,147.42,63.04,1.43,37.77,4.18,2.55
Arlington,1486.96,2350.37,983.33,43.33,78.75,68.17,5.51,1.62,11.95,10.0,9.47,2.52,2.29,1.51,2.53,11.02,0.77,2.19,4.41,7.85,4.41,3.67,3.58,1.76,864.3,946.43,1527.98,1655.4,3.5,2.01,3.49,3.09,8.0,40.0,12.0,3305.0,10.0,29.0,22.5,0.57,65.22,3.0,31.0,1.12,5.5,20910.0,166.94,52.86,1.52,30.75,4.45,2.5,,
Nashville,1592.23,3398.09,24285.71,1099.0,53.17,93.86,77.58,4.44,1.45,11.2,15.0,7.78,1.99,1.82,1.53,2.7,12.17,0.81,2.39,3.95,6.0,2.48,3.54,3.95,2.17,1168.59,1611.64,1752.95,2720.53,4.54,1.86,5.0,7.0,8.0,72.5,14.5,4077.13,13.0,44.12,15.0,0.61,65.0,2.0,18.0,1.24,3.0,25000.0,0.2,165.83,69.41,1.56,39.19,4.12,2.7
Worcester,2690.98,7104.18,1138.89,34.0,95.0,78.33,4.2,0.86,21.55,17.0,13.02,3.0,3.87,1.5,2.62,10.34,0.96,1.54,5.7,10.5,1.76,3.6,5.05,2.0,900.0,1091.67,1708.33,1675.0,4.12,1.96,5.0,6.5,6.5,70.0,20.0,3089.0,13.0,34.38,33.0,0.61,57.0,1.75,22.0,1.55,3.25,28492.0,236.52,60.62,1.8,24.0,4.54,4.0,,
Dallas,1583.06,2945.33,14918.5,973.22,45.31,92.27,79.47,3.14,1.53,11.57,12.0,8.25,2.88,1.94,1.25,2.68,7.95,0.79,2.04,2.36,7.25,2.07,3.61,2.49,1.55,1054.25,1485.36,1836.69,3007.98,4.1,1.96,5.0,6.0,8.0,55.0,13.25,4820.1,12.0,39.75,6.67,0.53,96.0,3.0,19.5,1.16,2.8,21845.0,0.15,150.9,63.51,1.6,38.41,4.02,2.59
Houston,1272.72,2662.39,21291.67,875.87,42.27,97.33,73.92,4.17,1.28,11.94,12.0,7.91,2.14,1.93,1.44,2.51,9.58,0.78,1.93,3.5,7.8,2.27,3.32,2.85,1.52,970.07,1399.72,1646.15,2433.63,4.07,1.7,5.38,7.0,8.0,50.0,15.0,4457.27,12.0,38.3,14.78,0.53,40.0,1.25,24.0,1.49,3.0,23195.0,0.2,158.38,62.92,1.64,35.33,3.68,2.52
Norfolk,1201.07,3692.51,11333.33,833.33,44.64,100.68,75.76,5.5,1.98,13.58,11.5,8.84,2.83,1.75,1.62,2.48,9.99,0.87,2.18,3.24,6.03,2.06,3.81,3.98,1.6,1123.4,1268.07,1500.0,2733.33,4.03,1.68,5.0,5.0,7.5,60.0,11.0,3317.0,10.75,51.67,0.57,75.0,2.0,21.5,1.49,3.0,22000.0,0.1,142.41,71.0,1.31,40.8,3.88,3.01,
Milwaukee,1031.61,2617.14,14500.0,850.0,41.6,93.12,75.69,7.99,2.37,12.68,12.0,12.61,2.72,3.01,2.23,2.39,11.77,0.69,4.4,4.73,8.5,4.09,4.06,5.46,3.0,933.08,1164.57,1273.33,2190.0,3.75,1.78,4.0,6.0,8.0,65.0,12.5,2773.75,10.5,32.79,35.0,0.61,72.0,2.25,45.0,1.55,2.88,28000.0,0.15,138.27,62.89,1.53,32.22,4.01,3.5
Laredo,5800.0,515.0,58.33,105.0,72.5,15.0,1.29,1.19,1.03,796.67,633.33,1433.33,1250.0,4.5,9.5,40.0,12.0,2865.0,12.0,61.33,30.0,2.5,4.0,23000.0,0.1,71.25,36.33,4.4,,,,,,,,,,,,,,,,,,,,,,,,,,
Wilmington,771.64,2112.64,9550.0,760.0,42.57,87.14,70.0,4.78,1.76,9.91,15.0,6.24,2.86,2.2,1.16,2.24,8.81,0.91,1.83,3.41,7.2,1.68,4.33,2.19,1.75,980.0,1285.71,1366.67,1637.5,3.5,1.28,3.25,5.0,6.5,75.0,15.0,3241.0,12.5,32.81,20.0,0.63,40.0,2.0,15.0,2.17,6.45,20000.0,0.08,139.53,65.43,1.25,36.43,3.74,3.75
Tucson,1326.12,2113.3,17250.0,706.25,44.09,102.93,81.47,3.45,1.32,11.33,12.0,9.83,2.15,2.17,1.36,2.48,12.88,0.65,1.83,2.6,8.5,1.78,3.17,3.16,1.39,661.74,783.91,1217.52,1428.95,4.67,1.81,4.0,5.0,9.0,45.0,14.0,2730.26,10.0,29.74,21.67,0.58,48.0,1.75,35.5,1.37,2.75,25090.0,0.1,229.28,68.31,1.56,30.91,3.88,3.17
New Haven,1147.84,2251.48,25000.0,800.0,40.0,77.5,67.5,3.05,1.16,10.19,18.0,6.63,2.66,2.06,1.72,2.16,13.95,0.88,2.14,7.34,10.55,1.79,4.01,6.33,2.0,1594.31,1910.5,2150.0,2500.0,4.33,2.11,5.0,6.0,8.0,50.0,15.0,3572.94,13.0,48.75,0.65,66.0,1.75,40.0,1.4,3.0,17000.0,0.1,207.59,70.25,1.82,44.99,4.53,2.1,
Phoenix,1850.53,3253.85,16700.0,850.74,41.32,85.67,73.07,3.47,1.64,10.41,15.0,7.72,1.88,2.15,1.38,2.4,10.42,0.72,1.87,2.73,8.0,2.04,3.8,3.46,1.63,996.76,1285.27,1581.68,2092.99,4.23,1.9,5.0,7.0,8.0,60.0,12.0,3720.84,12.0,30.86,21.71,0.73,64.0,2.0,36.0,1.48,3.0,23039.5,0.14,170.54,79.52,1.35,32.41,3.98,1.76
El Paso,5198.33,523.75,39.86,95.62,59.55,9.0,1.82,1.86,1.07,7.0,1.55,620.77,688.57,1019.25,1162.29,3.83,6.0,30.0,9.0,2824.0,10.49,24.77,12.5,48.0,1.5,18.0,1.65,21845.0,0.09,61.12,26.38,4.35,,,,,,,,,,,,,,,,,,,,,,
Albuquerque,1304.8,2412.93,20333.33,753.12,44.2,81.56,66.85,4.16,2.01,11.33,13.0,7.14,3.17,1.92,1.59,2.64,11.8,0.71,2.32,2.84,8.25,2.17,2.84,4.3,2.23,676.58,829.05,1256.25,1428.57,3.92,1.66,5.0,4.75,8.0,50.0,15.0,2957.27,12.0,39.23,3.67,0.61,30.0,1.0,28.4,1.37,2.5,22000.0,0.18,142.45,69.75,1.23,32.0,3.75,3.75
Stockton,1985.94,3938.32,9900.0,737.5,47.81,104.17,70.5,4.14,2.4,12.1,9.0,10.27,2.53,2.81,2.5,3.3,14.62,1.08,1.74,2.76,9.98,4.4,5.24,3.85,1.8,1030.62,887.5,1734.38,1512.5,4.63,1.81,6.0,7.0,8.0,60.0,20.0,3172.0,14.0,23.58,10.0,0.88,47.5,2.0,15.0,1.55,3.5,21850.0,0.25,205.42,56.88,1.46,54.0,4.36,2.33
Fresno,12000.0,781.25,45.27,99.14,67.08,8.0,2.85,2.59,1.44,9.0,1.91,1038.62,1090.88,1347.25,1599.79,4.61,8.0,48.0,13.5,3308.17,12.47,24.31,20.0,48.0,1.25,32.0,3.45,24000.0,0.22,67.92,33.78,4.29,,,,,,,,,,,,,,,,,,,,,,
Brownsville,667.36,861.11,12000.0,450.0,44.52,85.0,63.33,5.61,3.08,20.16,16.0,9.1,2.0,2.78,1.31,2.48,6.61,0.82,3.08,3.96,10.75,2.97,2.76,4.01,1.65,487.5,783.33,1050.0,1237.5,4.33,2.63,3.5,5.0,6.75,65.0,13.75,2024.0,12.0,25.0,8.5,0.62,18.37,1.5,30.0,2.49,4.0,20000.0,325.0,71.25,2.19,36.67,4.8,3.0,
Bakersfield,1464.63,3809.81,20000.0,550.0,47.5,145.0,85.0,3.75,2.24,19.77,15.0,12.4,3.5,3.71,1.46,3.31,12.06,0.92,4.26,4.04,8.0,2.65,4.31,3.53,3.3,800.0,902.5,1200.0,1393.75,4.12,1.52,6.0,6.0,8.0,58.5,12.0,3507.0,12.0,27.25,6.67,0.89,41.0,1.75,27.0,1.79,3.0,25000.0,0.15,222.26,76.67,1.75,32.5,4.12,4.5
Jacksonville,1063.62,3118.25,17133.33,689.17,38.43,91.43,78.0,5.31,1.53,10.57,10.0,9.13,2.63,2.46,1.83,2.96,9.73,0.9,2.48,6.21,6.75,3.9,3.94,4.91,1.83,998.62,1187.7,1351.06,1736.98,4.06,1.75,4.0,6.0,8.0,50.0,15.0,3543.22,11.5,27.85,11.33,0.6,50.0,1.5,17.5,1.09,2.12,23000.0,0.08,141.09,71.18,1.36,34.93,4.14,3.23
Las Cruces,1039.52,1052.71,5198.33,523.75,46.29,95.62,59.55,2.45,1.21,10.96,9.0,5.69,1.82,1.86,1.07,2.07,10.45,0.65,2.01,2.84,7.0,1.1,2.04,2.17,1.55,648.12,684.38,1062.5,1166.67,3.83,1.37,2.75,3.62,6.0,30.0,9.0,2198.0,9.25,22.12,7.5,0.59,34.78,1.5,15.0,1.32,1.65,21845.0,0.09,130.79,61.12,1.04,26.38,4.12,2.36
Winston-Salem,675.4,1862.66,1033.33,44.4,70.0,84.17,5.47,1.9,11.02,12.0,5.14,3.64,1.48,1.2,2.09,6.06,0.63,2.56,5.2,6.0,2.26,3.12,4.6,1.95,806.25,1271.43,1200.0,1930.0,4.24,1.78,5.0,6.0,7.0,50.0,15.0,2960.0,12.0,33.75,7.5,0.59,30.0,1.0,30.0,1.3,1.8,19000.0,0.2,153.29,41.88,1.38,55.0,4.03,4.5,
San Antonio,1213.47,2131.82,10400.0,772.5,43.25,90.52,69.82,3.34,1.58,11.1,13.5,7.49,2.54,2.07,1.29,2.33,11.05,0.8,1.92,2.86,7.0,1.84,3.06,2.73,1.38,891.93,1298.65,1531.82,2096.15,4.13,1.99,3.75,6.0,8.0,60.0,15.0,3254.85,11.5,31.3,14.04,0.5,38.0,1.45,24.0,1.55,2.5,25000.0,0.21,157.78,66.0,1.58,35.73,4.53,2.41
Rochester,1542.83,1697.11,15000.0,800.0,42.67,65.0,54.0,4.96,1.3,11.02,13.0,4.16,1.71,2.0,1.25,1.63,6.61,0.56,5.51,2.2,1.54,2.2,3.31,1.25,1040.0,1083.33,1533.33,1516.67,4.25,1.72,4.25,5.5,8.0,45.0,12.75,2970.22,10.95,35.0,5.0,0.6,50.0,1.88,1.86,5.25,25000.0,0.01,126.44,57.5,1.5,28.0,3.77,4.0,,
Newark,1386.15,2475.1,9550.0,760.0,43.76,94.33,77.33,3.96,1.76,11.02,13.0,7.38,2.46,2.54,1.4,2.21,7.72,0.85,3.59,5.18,7.2,2.92,4.33,4.41,1.63,1000.0,1112.5,1200.0,1850.0,3.69,1.75,4.25,5.25,6.0,50.0,15.0,4100.0,12.0,40.0,0.63,42.5,2.0,15.0,2.17,2.59,24000.0,0.08,139.53,65.43,1.5,30.0,3.75,2.21,
Las Vegas,1877.63,2624.7,14615.17,875.28,47.52,88.53,77.67,3.51,1.53,12.17,12.0,6.3,1.88,1.95,1.39,2.66,11.07,0.81,1.85,2.7,7.8,2.26,3.26,3.45,1.46,927.43,1186.03,1578.33,2028.22,4.47,1.89,6.0,7.0,8.0,67.5,15.0,3555.8,12.0,27.07,18.72,0.72,65.0,2.0,32.4,1.71,3.5,22597.5,0.24,165.16,77.31,1.45,38.63,3.86,2.04
Columbus,642.89,975.65,25000.0,250.0,29.0,66.67,66.0,3.31,1.87,9.92,6.57,8.81,2.14,1.67,1.2,2.96,7.56,0.79,2.65,1.87,4.67,1.65,3.12,2.54,1.0,475.0,650.0,966.67,914.33,3.62,1.88,4.12,7.0,7.61,40.0,15.0,2617.0,13.5,32.5,10.0,0.57,59.0,1.5,21.0,1.33,2.16,22500.0,0.12,124.99,53.45,1.72,33.75,4.28,2.0
Buffalo,602.21,1760.55,14125.0,904.76,46.85,85.0,77.27,6.7,1.1,11.8,10.0,7.04,2.63,1.72,1.72,2.11,9.6,0.72,3.12,4.15,11.07,3.29,3.99,5.08,1.28,789.16,921.89,1169.23,1422.22,3.63,1.59,4.39,4.88,8.0,50.0,15.0,2939.25,11.0,29.06,24.17,0.68,75.0,2.0,20.0,1.91,3.0,27500.0,0.13,192.08,65.17,1.32,38.0,4.17,2.68
Greensboro,1111.87,1757.31,20000.0,702.89,34.25,88.75,66.88,5.51,3.59,11.55,12.0,9.29,2.5,2.43,1.83,2.57,10.91,0.76,3.12,5.87,6.0,3.31,4.63,2.86,2.17,771.89,975.0,1478.57,1900.0,4.2,1.9,4.0,5.0,7.0,60.0,12.0,3024.0,9.5,24.88,22.5,0.6,40.0,1.5,12.0,1.17,2.5,23000.0,136.3,62.36,1.47,42.48,4.35,2.25,
Corpus Christi,1472.6,3536.2,8389.53,703.33,38.6,82.0,66.12,2.96,0.98,11.56,12.0,7.66,1.46,2.21,1.16,1.88,10.33,0.81,1.97,3.35,5.88,1.76,2.93,1.87,1.27,947.09,936.33,1412.78,1361.11,3.95,1.65,4.0,5.0,7.5,45.0,12.0,3147.0,7.0,19.78,0.53,30.0,1.38,12.0,1.55,2.5,21422.5,0.09,140.86,62.61,1.25,35.48,3.78,1.93,
Huntsville,847.57,1976.79,12400.0,791.67,34.9,83.12,63.56,6.06,1.53,10.62,12.0,7.44,3.81,1.79,1.46,2.48,8.73,0.65,2.87,4.0,5.75,2.98,4.41,4.02,1.36,633.64,1025.0,1181.25,1783.33,4.56,1.73,4.0,5.0,7.0,45.0,12.0,3302.24,10.0,24.89,13.0,0.57,38.0,1.0,25.0,1.24,3.5,25000.0,0.3,146.0,61.79,1.31,30.0,4.1,3.67
Philadelphia,1438.5,4439.53,24600.0,1009.3,43.95,98.76,72.91,5.43,1.67,14.17,14.0,9.39,3.38,2.59,1.46,2.95,8.52,1.08,4.81,3.78,10.7,4.6,3.51,4.64,2.12,1116.04,1646.29,1704.24,2871.98,3.97,1.87,5.0,7.0,8.0,55.0,15.0,3281.06,12.75,36.07,42.7,0.71,96.0,2.5,25.0,2.8,3.23,22000.0,0.1,153.02,63.57,1.35,30.38,4.03,3.79
Wichita,596.17,1943.34,7500.0,1640.0,43.78,84.71,73.0,3.85,1.35,11.49,13.5,5.29,1.92,1.26,1.23,2.23,8.21,0.57,2.19,2.9,6.92,1.57,3.05,3.68,1.51,572.22,810.0,915.38,1381.0,4.0,1.71,3.99,5.0,7.0,50.0,12.0,2742.67,10.88,34.42,5.0,0.54,55.0,1.75,42.5,1.24,2.0,22000.0,0.13,199.7,63.66,1.31,28.67,4.12,2.81
Amarillo,4795.0,362.5,23.57,47.86,56.0,2.7,1.04,14.84,4.5,10.21,1.74,1.24,0.97,2.85,11.74,0.68,2.42,4.36,8.0,4.02,2.87,2.92,1.37,413.86,528.33,651.56,726.4,2.5,1.41,2.5,3.12,6.0,30.0,4.65,3058.0,9.25,17.47,6.67,0.53,30.0,5.0,15.0,1.09,3.0,12000.0,0.03,98.72,47.81,1.25,15.0,4.27,1.93,,
Lewiston,300.0,25.0,60.0,60.0,3.09,1.79,12.83,10.0,7.45,2.5,1.76,1.0,2.23,8.82,0.82,1.74,4.01,8.39,1.7,2.93,2.73,1.0,800.0,1200.0,4.0,1.0,6.0,8.0,8.0,65.0,45.0,11.0,27.0,0.68,25.0,3.11,5.0,26140.0,0.1,84.0,65.0,1.0,65.0,3.7,2.0,,,,,,,,,
Salem,2029.0,3379.94,6500.0,966.75,43.5,92.22,76.25,4.99,1.68,22.04,14.0,9.92,2.86,2.43,1.94,2.36,11.23,0.75,2.3,7.78,7.05,2.19,7.16,4.91,1.86,888.57,1025.0,1531.25,1812.5,3.77,2.05,4.88,6.0,8.0,52.5,12.0,2936.0,12.0,38.33,23.0,0.72,45.0,1.8,35.0,2.64,2.98,20725.0,0.23,212.86,66.4,1.22,40.83,4.06,3.5
Newport News,1374.19,7907.88,7000.0,300.0,42.33,81.67,85.44,4.38,1.14,11.02,12.0,3.97,2.51,1.5,1.42,2.2,10.92,0.69,1.92,3.31,12.0,1.38,1.1,4.4,1.01,906.25,1095.0,1225.0,1666.67,3.92,1.3,3.5,4.0,7.35,52.0,12.5,2625.0,11.19,52.25,0.56,70.0,2.25,18.0,1.3,2.75,20485.0,0.14,151.6,61.32,1.12,36.5,3.71,2.41,
New Orleans,10800.0,876.67,48.62,100.29,78.6,13.0,2.59,2.11,1.84,7.75,1.69,1065.27,1440.76,1528.33,2358.82,4.67,8.0,65.0,17.42,2988.59,12.0,50.11,21.67,55.0,1.25,23.0,5.0,26000.0,0.16,71.94,39.92,3.97,,,,,,,,,,,,,,,,,,,,,,
Oklahoma City,931.21,2509.04,8000.0,721.25,41.11,88.46,78.19,4.53,1.46,13.62,11.0,10.4,1.62,1.63,1.58,2.54,11.46,0.93,1.94,3.66,7.0,2.11,2.48,3.63,1.56,862.38,1140.62,1228.94,1669.23,3.88,1.63,3.5,6.0,8.0,45.0,10.0,3244.27,12.0,25.45,16.75,0.53,40.0,2.0,24.0,1.96,2.88,22000.0,0.13,155.95,69.41,1.29,34.56,4.14,2.92
Baltimore,1168.38,2585.5,27915.25,940.0,43.76,94.33,78.38,3.96,1.47,13.66,13.0,7.38,2.46,2.54,1.56,2.21,8.53,0.86,3.59,5.54,8.34,2.92,3.52,5.2,1.63,1058.35,1593.06,1840.0,2306.67,3.81,2.02,6.0,6.0,8.0,65.0,15.0,3672.52,12.0,47.7,21.75,0.65,74.0,1.9,24.0,1.62,2.59,24000.0,0.11,142.88,74.66,1.46,30.0,4.02,2.21
Richmond,979.0,1097.72,53.33,79.67,79.5,3.64,2.74,5.51,10.0,4.12,4.29,2.0,1.0,1.93,5.51,0.53,1.98,2.76,5.5,2.54,3.31,5.51,1.45,583.33,800.0,1150.0,1566.67,3.67,1.86,2.5,4.25,6.25,30.0,10.0,1366.67,10.12,25.0,0.73,28.0,1.45,0.2,185.0,67.0,1.4,30.0,4.0,3.0,,,,,,,
Dover,2254.22,1442.88,6000.0,550.0,34.33,65.0,88.5,3.69,1.29,13.77,13.44,5.39,1.22,1.59,2.39,9.25,1.06,2.51,3.25,6.75,2.19,1.68,2.98,3.0,866.67,941.67,1300.0,1122.22,3.5,1.29,5.0,4.0,4.62,50.0,15.0,2258.33,12.0,18.0,0.59,1.5,2.17,3.25,16500.0,0.25,212.5,57.99,1.0,19.0,4.54,,,,,
San Bernardino,8600.0,1110.0,76.67,121.67,115.0,10.0,2.86,3.05,0.96,9.0,1.5,1333.33,1400.0,2133.33,2200.0,4.33,10.0,50.0,25.0,2316.0,12.5,27.0,55.0,1.75,2.6,22000.0,0.2,61.0,35.0,4.54,,,,,,,,,,,,,,,,,,,,,,,,
Cincinnati,792.74,2579.84,6000.0,994.44,40.89,80.38,71.14,4.24,1.44,12.49,12.0,7.7,1.54,1.41,1.22,2.44,10.33,0.64,2.28,2.94,7.0,1.93,3.82,3.57,1.71,813.2,1322.27,1358.93,2095.45,4.15,1.97,5.0,6.0,7.5,45.0,12.0,3383.7,11.56,31.07,26.66,0.61,72.5,1.75,20.0,1.24,4.0,21000.0,0.11,129.74,55.57,1.48,36.43,3.85,2.32
Fort Wayne,670.22,3492.7,5500.0,797.0,37.11,64.88,69.67,6.24,1.31,16.52,10.0,13.21,1.29,1.23,1.12,2.0,12.11,0.58,1.96,2.08,6.47,3.95,4.59,2.7,0.7,606.11,802.78,950.0,1437.5,4.09,1.85,3.0,5.0,7.0,50.0,12.0,2568.39,12.25,25.55,0.64,45.0,1.25,20.0,1.55,2.5,27166.0,0.05,189.73,54.33,1.37,38.33,4.0,2.63,
Springfield,11000.0,650.0,45.0,90.8,73.17,9.0,2.06,1.83,0.95,10.0,1.75,575.0,762.5,1120.0,1216.67,3.56,8.0,50.0,13.5,3068.0,11.0,28.17,5.0,30.0,4.75,26.0,2.5,20500.0,0.28,63.56,42.29,3.97,,,,,,,,,,,,,,,,,,,,,,
Lubbock,776.12,1230.4,8300.0,590.67,40.0,85.0,58.67,2.93,1.2,5.62,14.75,5.18,1.67,1.63,0.9,1.44,6.9,0.77,3.14,1.83,6.0,0.77,1.82,2.19,0.57,650.0,900.0,1022.95,1136.08,4.46,1.96,3.75,4.25,7.0,39.3,10.72,2587.76,10.0,30.0,2.67,0.53,50.0,1.75,15.0,1.24,3.0,21500.0,0.07,107.08,64.25,1.44,33.75,4.47,1.58
Baton Rouge,797.46,3640.44,11000.0,609.33,48.54,87.78,83.42,4.86,1.39,9.72,15.0,8.1,2.05,2.16,2.0,2.45,9.19,1.15,2.58,3.11,6.25,2.08,3.48,2.83,2.33,838.21,1056.68,1327.18,1770.56,4.31,1.9,4.0,4.75,8.0,60.0,15.0,2606.32,10.0,40.75,5.0,0.53,56.0,1.88,30.0,1.24,4.0,23995.0,0.12,141.37,69.53,1.62,38.6,3.96,3.12
Louisville,888.04,2680.85,19380.0,741.67,39.94,91.87,78.69,3.65,1.15,12.74,12.99,9.23,1.82,1.75,1.58,1.89,12.59,0.48,2.56,3.45,6.0,2.48,4.13,3.99,1.77,840.19,1044.78,1450.0,1885.0,4.88,1.53,6.0,6.0,8.0,70.0,15.0,3510.71,10.0,25.67,20.0,0.63,50.0,1.75,30.0,1.43,2.7,23000.0,0.1,145.45,53.86,1.25,28.2,3.96,2.61
Indianapolis,890.82,2197.25,14350.0,808.57,40.23,97.0,64.95,4.94,1.93,12.2,10.0,6.29,2.46,1.42,1.45,2.07,8.5,0.65,2.81,4.42,6.53,2.97,3.35,3.93,1.52,782.99,1243.26,1175.59,1529.54,3.52,1.67,4.25,6.0,7.0,57.5,12.0,3541.97,12.0,35.63,22.5,0.59,60.0,1.75,24.0,1.24,3.0,21000.0,0.11,156.6,63.5,1.5,32.38,3.98,2.67
St. Louis,833.86,1966.52,17000.0,860.89,45.77,108.17,78.5,4.73,1.53,13.75,9.0,9.14,2.32,2.05,1.67,1.99,11.73,0.79,2.95,3.85,7.0,2.63,3.12,3.59,2.33,697.14,1090.69,1317.86,1932.54,4.53,1.59,4.5,5.5,7.0,50.0,12.0,3711.8,12.0,25.06,12.25,0.54,78.0,2.5,17.5,1.24,3.0,20910.0,0.17,171.43,59.67,1.45,42.22,3.89,2.5
Tulsa,663.56,2178.17,13266.67,746.22,36.25,88.62,71.67,3.23,1.43,11.14,11.5,8.48,2.82,2.52,1.4,2.42,10.18,0.95,2.04,3.31,8.5,1.82,4.24,3.53,2.01,806.71,951.0,1083.33,1500.0,4.21,2.04,4.0,5.0,8.0,47.5,10.0,3118.0,11.0,29.0,0.59,45.0,1.75,30.0,1.24,2.62,21678.0,0.15,193.8,69.35,1.62,28.0,4.08,2.62,
Little Rock,824.01,2208.81,10800.0,531.67,35.0,94.38,67.5,4.9,1.67,8.32,9.0,6.6,2.0,2.08,1.43,2.28,11.82,0.88,2.17,2.73,6.75,2.33,2.85,3.42,1.65,693.75,801.25,1100.0,1381.25,4.57,1.81,4.5,6.0,7.0,55.0,15.0,3324.0,11.75,18.86,12.5,0.56,36.0,1.35,17.5,2.17,5.0,23000.0,0.1,157.04,62.44,1.3,32.43,4.65,2.5
Knoxville,1015.54,2677.07,13500.0,562.5,43.18,79.14,94.25,6.12,1.41,12.3,12.0,8.26,2.83,1.98,1.35,2.65,10.88,0.83,3.25,5.37,5.62,2.47,3.52,3.89,2.12,829.17,1087.5,1300.0,1968.75,4.33,1.46,3.25,4.17,8.0,47.5,13.0,3003.29,12.0,21.87,7.5,0.58,45.0,1.5,15.0,1.24,2.25,22000.0,0.18,134.41,62.82,1.26,36.67,4.14,4.0
Akron,13000.0,750.0,47.22,100.71,75.62,12.0,2.86,2.0,1.09,7.0,1.48,619.44,643.75,950.0,1016.67,3.5,7.0,40.0,9.0,2672.0,10.25,30.5,14.5,50.0,1.25,20.0,3.75,19500.0,0.23,66.19,27.5,4.17,,,,,,,,,,,,,,,,,,,,,,
Chattanooga,890.49,1966.05,14166.67,852.67,42.11,92.25,76.5,4.05,1.58,12.59,13.5,7.73,3.39,1.79,1.26,2.45,8.66,0.87,2.09,3.62,6.25,2.28,3.88,3.41,2.0,899.9,1166.67,1382.73,2022.22,4.41,1.39,4.0,5.5,6.0,40.0,12.0,2815.77,12.0,29.37,12.5,0.56,50.0,1.5,20.0,1.24,3.75,24000.0,0.1,176.58,66.19,1.35,45.0,3.96,4.25
Fayetteville,1342.8,2026.01,633.33,35.67,121.25,72.0,4.39,0.95,17.0,15.0,8.33,2.25,1.5,1.56,2.26,14.16,0.67,2.17,3.08,6.07,1.71,3.18,2.95,2.38,586.43,807.0,1164.29,1771.43,4.19,1.72,4.0,5.0,8.0,40.0,12.75,2423.82,11.0,17.33,15.0,0.55,30.0,1.55,3.5,23555.0,163.39,60.5,1.56,36.67,3.67,3.21,,,,
Jackson,641.43,2901.78,4500.0,755.0,49.14,66.8,75.57,8.08,1.51,8.77,13.5,10.47,2.68,1.97,2.17,4.04,13.21,1.21,4.02,5.32,5.75,4.48,4.31,6.21,3.5,835.0,950.0,1130.0,1183.33,4.25,2.02,4.0,5.0,8.0,60.0,12.0,2405.0,11.0,30.0,11.0,0.52,50.0,1.0,24.0,2.42,3.0,25000.0,0.18,197.66,78.83,1.29,26.5,4.32,3.67
Birmingham,778.36,2150.82,11625.0,834.29,40.25,110.88,80.38,5.63,1.95,12.64,10.0,12.22,2.97,1.99,1.49,2.62,10.88,0.84,3.6,5.56,6.5,3.56,3.85,4.23,1.92,839.23,995.0,1163.45,1406.17,4.75,1.63,5.0,6.0,6.99,55.0,15.0,2695.0,10.0,49.88,10.6,0.56,75.0,2.0,37.5,1.78,4.5,19999.0,0.19,196.43,68.56,1.4,48.86,3.98,2.88
Toledo,470.44,1148.23,4250.0,676.67,47.55,94.37,83.75,3.66,1.23,13.58,13.99,8.34,2.59,1.93,1.64,2.41,9.86,0.71,2.48,3.58,7.0,2.5,4.13,3.59,1.64,597.5,702.22,956.25,1125.0,4.75,1.72,3.62,5.0,7.75,44.0,14.25,2453.39,11.0,21.81,18.0,0.61,50.0,1.38,24.0,1.43,2.0,22000.0,0.1,219.29,61.36,1.36,34.71,4.03,3.12
Shreveport,7500.0,383.33,35.0,94.38,67.5,9.0,2.0,2.08,1.43,6.75,1.65,686.25,816.67,1237.5,1241.67,4.5,7.0,55.0,15.0,2176.0,10.0,44.25,27.5,2.0,17.5,3.5,18000.0,0.1,62.44,32.43,4.53,,,,,,,,,,,,,,,,,,,,,,,
Mobile,11333.33,523.33,39.08,101.62,80.0,12.0,3.21,1.52,1.71,6.0,1.33,675.0,886.67,1062.73,1348.33,4.61,8.0,52.5,13.75,2781.4,12.0,31.11,11.0,40.0,2.0,14.5,2.5,31217.5,0.25,55.69,29.0,4.33,,,,,,,,,,,,,,,,,,,,,,
Fort Smith,325.0,43.33,115.0,88.75,3.31,2.37,12.89,13.0,6.56,3.21,2.08,1.29,1.33,12.13,0.99,2.76,4.41,6.5,2.76,3.31,4.96,2.75,433.33,687.5,625.0,983.33,4.0,2.66,2.5,4.5,8.75,80.0,18.0,2375.0,9.5,24.0,0.51,4.25,3.11,5.0,19000.0,219.87,57.5,1.59,36.67,1.8,,,,,,,,
Augusta,805.76,1435.55,9500.0,398.33,37.32,71.25,65.83,6.03,1.73,9.63,9.75,7.15,2.67,1.31,1.01,1.54,9.41,0.56,1.43,2.67,7.0,1.54,2.89,3.88,1.25,813.33,847.14,1221.43,1264.29,4.62,2.25,4.25,5.0,7.5,55.0,15.0,3817.22,11.0,27.5,8.33,0.57,70.0,2.0,25.0,1.49,2.65,22500.0,0.13,161.11,72.88,2.0,30.6,3.79,2.5
Cleveland,510.62,1572.96,11250.0,962.5,40.8,88.33,81.67,6.94,1.66,11.82,14.0,10.26,3.26,1.65,2.06,2.31,9.37,0.65,3.0,5.95,7.0,2.89,4.59,4.68,2.36,934.79,1370.47,1342.31,2361.36,4.16,1.71,5.12,6.99,8.0,54.0,15.0,2772.56,11.5,37.27,12.0,0.63,95.0,2.5,35.0,1.39,5.25,18000.0,0.1,197.18,61.75,1.24,28.28,3.96,3.83
Montgomery,1761.24,2610.25,91200.0,525.0,47.0,131.67,75.0,11.0,1.15,15.43,11.49,8.26,1.53,2.99,2.49,2.47,6.59,0.95,2.09,13.21,4.99,1.87,6.59,15.41,3.99,828.5,1077.5,1175.0,1300.0,4.25,1.9,5.0,5.0,8.0,39.0,10.0,2861.0,10.0,41.75,10.0,0.54,36.0,1.24,4.0,28000.0,196.75,73.0,1.5,25.0,4.52,1.25,,,
Huntington,3363.72,1130.21,9666.67,709.67,39.94,91.87,64.75,3.65,1.15,10.43,12.99,9.23,1.82,1.75,1.51,1.89,8.0,0.48,2.56,3.45,5.7,2.48,3.85,3.11,1.4,555.0,835.0,850.0,1266.67,4.88,1.53,3.0,5.0,8.0,42.5,12.0,1445.0,8.0,28.75,28.33,0.6,30.0,1.0,30.0,1.43,2.7,22500.0,0.1,145.45,53.86,1.25,28.2,3.96,2.3
Memphis,483.48,1092.2,11191.0,878.0,47.22,93.89,70.44,4.22,1.16,8.71,11.0,6.15,1.76,2.02,1.23,1.85,9.39,0.87,1.82,3.02,5.5,1.99,3.84,2.93,1.78,847.8,1044.73,1107.33,1526.21,4.86,1.75,5.5,7.0,6.5,47.5,15.0,2752.95,11.5,32.57,25.0,0.58,50.0,1.75,20.0,1.49,2.0,25569.5,0.07,157.71,72.67,1.23,31.71,3.56,3.06
Gulfport,4950.0,533.33,45.0,87.78,76.67,11.0,2.14,2.16,1.81,6.0,2.1,635.0,666.67,933.33,1033.33,4.31,7.5,55.0,14.5,2279.0,9.5,26.67,12.0,38.0,3.0,10.0,4.0,23995.0,0.12,69.53,14.67,3.96,,,,,,,,,,,,,,,,,,,,,,
Detroit,513.36,1015.42,13333.33,750.0,45.2,92.27,82.5,4.37,1.26,11.5,11.0,7.59,2.69,1.72,1.65,2.32,9.73,0.66,3.08,5.8,7.5,2.71,3.55,4.04,1.51,1164.6,1466.92,1500.0,2306.25,4.7,1.82,5.0,5.0,7.09,50.0,15.0,2465.65,12.0,28.12,36.25,0.62,60.0,2.0,28.92,1.17,3.0,21845.0,0.16,160.74,57.8,1.34,31.46,4.0,3.5
